name,method,params,matrix,clustering,runtime,Q
Spectral,spectral,{'cluster_count': 16},delta,"[ 1  1  1  1  1  1  1  1  1  1  1  1  1  1  1  1  1  1  8  8  8  8  8  8
  8  8  8  2  2  2  2  2  2  0  0  0  0  0  0  0  0  0  0  0  0  0  0  0
  2  2  7  7  7  7  7  7  7  7  7  7  7  7  7  7  7  7  7  7  7  7  7  7
  6  6  6  6  6  7  7  7  7  7  9  9  9  9  9  9  9  9  9  9  9  5  5  5
  5  5  5  5  5  5  5  5  3  5  5  5  5  5  5 14 14 14 14 14 14 14 14 14
 14 14 14 14 14 14 14 14 14  6  6  6  6  6  6  6  6  6  6  6  6  6  6  3
  3  3  3  3  3  3 13 13 13 13 13 13 13 13 13 13 13 13 13 13 13 13 13 13
 13  3  3  3  3  3  3  3  5  5  5  5  5  5  5  5  5  5 15 15 15 15 15 15
 15 15 11 11 11 11 11  3  3  3  3  3  3  3 12 12 12 12 12 12 12 12 12 12
 12 11 11 11 11 11 11 11 11 11 11 11 11 11 11 11 11 11 11 11 11 11 11 11
  4  4  4  4  4  4  4  4  4  4 15 15 15 15 15 15 15 10 10 10 10 10 10 10
 10 10 10 10 10]",17.780819416046143,0.2720910105531095
HDBSCAN,hdbscan,{},delta,"[1 1 1 1 1 1 1 1 1 1 1 1 1 1 1 1 1 1 1 1 1 1 1 1 1 1 1 1 1 1 1 1 1 1 1 1 1
 1 1 1 1 1 1 1 1 1 1 1 1 1 1 1 1 1 1 1 1 1 1 1 1 1 1 1 1 1 1 1 1 1 1 1 1 1
 1 1 1 1 1 1 1 1 1 1 1 1 1 1 1 1 1 1 1 1 1 1 1 1 1 1 1 1 1 1 1 1 1 1 1 1 1
 1 1 1 1 1 1 1 1 1 1 1 1 1 1 1 1 1 1 1 1 1 1 1 1 1 1 1 1 1 1 1 1 1 1 1 1 1
 1 1 1 1 1 1 1 1 1 1 1 1 1 1 1 1 1 1 1 1 1 1 1 1 1 1 1 1 1 1 1 1 1 1 1 1 1
 1 1 1 1 1 1 1 1 1 1 1 1 1 1 1 1 1 1 1 1 1 2 2 2 2 2 2 2 2 2 2 2 0 0 0 0 0
 0 0 0 0 0 0 0 0 0 0 0 0 0 0 0 0 0 0 0 0 0 0 0 0 0 0 0 0 0 0 0 0 0 0 0 0 0
 0 0 0 0 0 0 0 0 0 0]",17.78140425682068,1.1455573395797838
Affinity,affinity,{},delta,"[ 0  0  0  0  1  1  1  1  1  2  2  2  2  2  3  3  3  3  3  4  4  4  4  4
  5  5  5  6  6  6  7  7  7  8  8  8  8  8  9  9  9  9 10 10 10 10 10 11
 11 11 11 12 12 12 12 12 12 13 13 13 13 14 14 14 14 14 14 14 15 15 15 15
 15 16 16 16 16 16 17 17 17 17 17 18 18 18 18 18 18 19 19 19 20 20 20 21
 21 21 21 22 22 22 22 23 23 23 23 23 23 23 24 24 24 24 24 25 25 25 25 25
 26 26 26 26 26 26 27 27 27 27 27 28 28 28 28 29 29 29 29 29 16 30 30 30
 30 30 30 31 31 31 31 31 32 32 32 32 32 33 33 33 33 34 34 34 34 35 35 35
 35 35 35 36 36 36 36 37 37 37 37 37 37 38 38 38 38 38 39 39 39 40 40 40
 40 35 41 41 41 41 41 41 42 42 42 42 42 43 43 43 43 43 43 44 44 44 44 44
 44 45 45 45 49 46 46 46 46 46 47 47 47 48 48 48 48 48 49 49 49 45 50 50
 50 50 51 51 51 52 52 52 53 53 53 54 54 54 55 55 55 55 55 56 56 56 56 57
 57 57 58 58 58]",17.796142101287842,0.04706907467039624
Spectral,spectral,{'cluster_count': 16},stddv,"[ 7  7  7  7  7  7  7  7  7  7  7  7  7  7  7  7  7  9  9  9  9  9  9  9
  5  1 11 11 11  7  2  1  1  1  1  1  1  1  1  1  1  1  1  1  1  1  1 11
 11 11  6  6  6  6  6  6  6  6  6  6  6  6  6  6  6  6  6  6 11 11 11 11
 11 11 11 11  6  6  6  6  6  6 10 10 10 10 10 10 10 10 10 10 10  3 12 12
 12 12 12 12 12 12 12 12 12 12 12 12 12 12 13 13 13 13 13 13 13 13 13 13
 13 13 13 13 13 13 13 13 13 13 13 13 13 13 13 11 11 11 11 11 14 14 14  2
  2  2  2  2  2  2  2  2  2  2  2  2  2  2  2  2  2 14 14 14 14 14 14 14
 14  2  2  2  2  2  2  2 12 12 12 12 12 12 12 12 12  3  3  3  3  3 14 14
 14 14  2  2  5  2  5  5  5  5  5  5  5  8  8  8  8  8  8  8  8  8  8  8
  8  8  8  8  8  0  0  0  0  0  0  0  0  0  0  0  0  0  0  8  8  8  8  8
 15 15 15 15 15 15  4  4  4  4  4  4  3  3  3  3  3  5  5  3  3  3  3  3
  3  3  9  9  9]",7.958678483963013,0.28851795614097386
HDBSCAN,hdbscan,{},stddv,"[1 1 1 1 1 1 1 1 1 1 1 1 1 1 1 1 1 1 1 1 1 1 1 1 1 1 1 1 1 1 1 1 1 1 1 1 1
 1 1 1 1 1 1 1 1 1 1 1 1 1 1 1 1 1 1 1 1 1 1 1 1 1 1 1 1 1 1 1 1 1 1 1 1 1
 1 1 1 1 1 1 1 1 1 1 1 1 1 1 1 1 1 1 1 1 1 1 1 1 1 1 1 1 1 1 1 1 1 1 1 1 1
 1 1 1 1 1 1 1 1 1 1 1 1 1 1 1 1 1 1 1 1 1 1 1 1 1 1 1 1 1 1 1 1 1 1 1 1 1
 1 1 1 1 1 1 1 1 1 1 1 1 1 1 1 1 1 1 1 1 1 1 1 1 1 1 1 1 1 1 1 1 1 1 1 1 1
 1 1 1 1 1 1 1 1 1 1 1 1 1 1 1 1 1 1 1 1 1 2 2 2 2 2 2 2 2 2 2 2 0 0 0 0 0
 0 0 0 0 0 0 0 0 0 0 0 0 0 0 0 0 0 0 0 0 0 0 0 0 0 0 0 0 0 0 0 0 0 0 0 0 0
 0 0 0 0 0 0 0 0 0 0]",7.950181007385254,1.1455573395797838
Affinity,affinity,{},stddv,"[ 0  0  0  0  1  1  1  1  1  1  1  1  2  2  2  2  2  2  2  2  3  3  3  4
  4  4  5  5  5  6  6  6  7  7  7  7  7  8  8  8  7  9  9  9  9  9  9 10
 10 10 10 11 11 11 11 11 11 12 12 12 12 13 13 13 13 13 13 15 14 14 14 14
 14 15 15 15 15 15 16 16 16 16 16 17 17 17 17 17 17 18 18 18 18 19 19 19
 19 21 20 20 20 20 20 20 20 21 21 21 21 21 21 21 22 21 21 22 22 22 22 22
 23 22 23 23 23 23 23 24 24 24 24 24 25 25 25 25 25 25 15 15 15 26 26 26
 26 26 26 27 27 27 27 27 27 27 27 28 28 28 28 28 29 29 29 29 30 30 30 30
 30 30 26 26 31 31 31 31 31 32 32 32 32 32 32 32 32 32 33 33 33 34 34 34
 30 30 35 35 35 35 35 36 36 36 36 36 36 31 37 37 37 37 37 38 38 38 38 38
 38 39 39 39 39 39 39 40 40 40 40 40 41 41 41 41 41 41 42 42 42 43 43 43
 43 44 44 44 45 45 45 46 46 46 47 47 47 47 48 48 48 48 48 49 49 49 49 50
 50 50 51 51 51]",7.984291315078735,0.04740421094779153
Spectral,spectral,{'cluster_count': 16},delta+1std,"[ 8  8  8  8  8  8  8  8  8  8  8  8  8  8  8  8  8  8  1  1  1  1  1  1
  1  1  9  9  9  9  9  9  9  0  0  0  0  0  0  0  0  0  0  0  0  0  0  0
  5  5  5  5  5  5  5  5  5 11 11 11 11  5  5  5  5  5  5  5  5  5  5  5
  5  5  5  5  5  5  5  5  5 10 10 10 10 10 10 10 10 10 10 10 10  3  3  3
  3  3  3  3  3  3  3  3  3  3  3  3  3  3 11 11 11 11 11 11 11 11 11 11
 11 11 11  4  4  4  4  4  4  4  4  4  4  4  4  4  4  4  5  5  5  7  7  7
  7  7  7  7  7  7  7  7  7  7  7  7  7  7  7  7  7  7  7  7  7  7  7  7
  7  7 12 12 12 12 12 12 12  3 13 13 13 13 13 13 13 13 13 13 13 13 13 13
 13 13  2  2  2  2  6  6  6  6 12 12 12 12 12 12 12 12 12 12 12 12 12 13
 13  2  2  2  2  2  2  2  2  2  2  2  2  2  2  2  2  2  2  2  2  2  2  2
 14 14 14 14 14 14 14 14 14  6  6  6  6  6  6  6  6  6 15 15 15 15 15 15
 15 15 15 15 15]",17.768033027648926,0.27023884460548103
HDBSCAN,hdbscan,{},delta+1std,"[1 1 1 1 1 1 1 1 1 1 1 1 1 1 1 1 1 1 1 1 1 1 1 1 1 1 1 1 1 1 1 1 1 1 1 1 1
 1 1 1 1 1 1 1 1 1 1 1 1 1 1 1 1 1 1 1 1 1 1 1 1 1 1 1 1 1 1 1 1 1 1 1 1 1
 1 1 1 1 1 1 1 1 1 1 1 1 1 1 1 1 1 1 1 1 1 1 1 1 1 1 1 1 1 1 1 1 1 1 1 1 1
 1 1 1 1 1 1 1 1 1 1 1 1 1 1 1 1 1 1 1 1 1 1 1 1 1 1 1 1 1 1 1 1 1 1 1 1 1
 1 1 1 1 1 1 1 1 1 1 1 1 1 1 1 1 1 1 1 1 1 1 1 1 1 1 1 1 1 1 1 1 1 1 1 1 1
 1 1 1 1 1 1 1 1 1 1 1 1 1 1 1 1 1 1 1 1 1 2 2 2 2 2 2 2 2 2 2 2 0 0 0 0 0
 0 0 0 0 0 0 0 0 0 0 0 0 0 0 0 0 0 0 0 0 0 0 0 0 0 0 0 0 0 0 0 0 0 0 0 0 0
 0 0 0 0 0 0 0 0 0 0]",17.772468328475952,1.1455573395797838
Affinity,affinity,{},delta+1std,"[ 0  0  0  0  1  1  1  1  1  2  2  2  2  2  3  3  3  3  3  4  4  4  4  4
  5  5  5  6  6  6  7  7  7  8  8  8  8  8  9  9  9  9 10 10 10 10 10 11
 11 11 11 12 12 12 12 12 12 13 13 13 13 14 14 14 14 14 14 14 15 15 15 15
 15 16 16 16 16 16 17 17 17 17 17 18 18 18 18 18 18 19 19 19 20 20 20 21
 21 21 21 22 22 22 22 23 23 23 23 24 24 24 24 24 25 24 24 25 25 25 25 25
 26 26 26 26 26 26 27 27 27 27 27 28 28 28 28 29 29 29 29 29 16 30 30 30
 30 30 30 31 31 31 31 31 32 32 32 32 32 33 33 33 33 34 34 34 34 35 35 35
 35 35 35 36 36 36 36 37 37 37 37 37 37 38 38 38 38 38 39 39 39 40 40 40
 40 35 41 41 41 41 41 41 42 42 42 42 42 43 43 43 43 43 43 44 44 44 44 44
 44 45 45 45 49 46 46 46 46 46 47 47 47 48 48 48 48 48 49 49 49 45 50 50
 50 50 51 51 51 52 52 52 53 53 53 54 54 54 55 55 55 55 55 56 56 56 56 57
 57 57 58 58 58]",17.790777921676636,0.04706907467039624
Spectral,spectral,{'cluster_count': 16},delta+2std,"[ 8  8  8  8  8  8  8  8  8  8  8  8  8  8  8  8  8  8  9  9  9  9  9  9
  9  9  9  9  7  7  7  7  7 10 10 10 10 10 10 10 10 10 10 10 10 10 10 10
  7  7  7 14 14 14 14 14 14 14 14 14 14 14 14 14 14 14 14  7  7  7  7  7
  7  7  7  7  7 14 14 14 14 14  0  0  0  0  0  0  0  0  0  0  0  0  4  4
  4  4  4  4  4  4  4  4  4  4  4  4  4  4  2  2  2  2  2  2  2  2  2  2
  2  2  2  2  2  5  5  5  5  5  5  5  5  5  5  5  5  5  5  5  5  1  1  1
  1  1  1  1  1  1  1  1  1  1  1  1  1  1  1  1  1  1  1  1  1  1  1  1
  1  1  1 12 12 12 12 12  4  4 13 13 13 13 13 13 13 13 13 13 13 13 13 13
 13 13  3  3  3  6  6  6  6  6 12 12 12 12 12 12 12 12 12 12 12 12 12 13
 13  3  3  3  3  3  3  3  3  3  3  3  3  3  3  3  3  3  3  3  3  3  3  3
 15 15 15 15 15 15 15 15 15  6  6  6  6  6  6  6  6  6 11 11 11 11 11 11
 11 11 11 11 11]",17.7687087059021,0.29322047672257534
HDBSCAN,hdbscan,{},delta+2std,"[1 1 1 1 1 1 1 1 1 1 1 1 1 1 1 1 1 1 1 1 1 1 1 1 1 1 1 1 1 1 1 1 1 1 1 1 1
 1 1 1 1 1 1 1 1 1 1 1 1 1 1 1 1 1 1 1 1 1 1 1 1 1 1 1 1 1 1 1 1 1 1 1 1 1
 1 1 1 1 1 1 1 1 1 1 1 1 1 1 1 1 1 1 1 1 1 1 1 1 1 1 1 1 1 1 1 1 1 1 1 1 1
 1 1 1 1 1 1 1 1 1 1 1 1 1 1 1 1 1 1 1 1 1 1 1 1 1 1 1 1 1 1 1 1 1 1 1 1 1
 1 1 1 1 1 1 1 1 1 1 1 1 1 1 1 1 1 1 1 1 1 1 1 1 1 1 1 1 1 1 1 1 1 1 1 1 1
 1 1 1 1 1 1 1 1 1 1 1 1 1 1 1 1 1 1 1 1 1 2 2 2 2 2 2 2 2 2 2 2 0 0 0 0 0
 0 0 0 0 0 0 0 0 0 0 0 0 0 0 0 0 0 0 0 0 0 0 0 0 0 0 0 0 0 0 0 0 0 0 0 0 0
 0 0 0 0 0 0 0 0 0 0]",17.771868467330933,1.1455573395797838
Affinity,affinity,{},delta+2std,"[ 0  0  0  0  1  1  1  1  1  2  2  2  2  2  3  3  3  3  3  4  4  4  4  4
  5  5  5  6  6  6  7  7  7  8  8  8  8  8  9  9  9  9 10 10 10 10 10 11
 11 11 11 12 12 12 12 12 12 13 13 13 13 14 14 14 14 14 14 14 15 15 15 15
 15 16 16 16 16 16 17 17 17 17 17 18 18 18 18 18 18 19 19 19 20 20 20 21
 21 21 21 22 22 22 23 23 23 23 23 24 24 24 24 24 25 24 24 25 25 25 25 25
 26 26 26 26 26 26 27 27 27 27 27 28 28 28 28 29 29 29 29 29 16 30 30 30
 30 30 30 31 31 31 31 31 32 32 32 32 32 33 33 33 33 34 34 34 34 35 35 35
 35 35 35 36 36 36 36 37 37 37 37 37 37 38 38 38 38 38 39 39 39 40 40 40
 40 35 41 41 41 41 41 41 42 42 42 42 42 43 43 43 43 43 43 44 44 44 44 44
 44 45 45 45 49 46 46 46 46 46 47 47 47 48 48 48 48 48 49 49 49 45 50 50
 50 50 51 51 51 52 52 52 53 53 53 54 54 54 55 55 55 55 55 56 56 56 56 57
 57 57 58 58 58]",17.78934335708618,0.04706907467039624
Resicon,Resicon,,,"[13 13  4  4  4  4  4  4 14  4  0 14 14  0  0 14 12  0  2 12 12  2  2  2
  2  2  2  2  2  2  2  2  2  2  2  0  2  0  0  0  0  0  0 14  0  0 14 14
 14  2  2  2  2  2  2  2  2  3  3  1  1  1  3  2  2  2  2  2  8 14  8 14
 14  8 14  8 14 14 12 12 12 12  1  1  1  1  1  1  1  1  1  1  1  1  1  1
  9  4  4  4  4  4  4  4  4  4  4  4 15  1  1  1  1 15  1  1  3  3  3  3
  3  3  3  3 11 11 11 11 11 11 11 11 11  8  8  8  8  8 14 11 14 14 12 12
 12 12  1 12 12 12  3 12 12 15  3 14 15  3 11  7 11 11 11 11 11 11 14 14
 14 12 12 12 12 12  9 12  9  4  9  4  4  7  7  7  7  7  7  7  7  7  7  7
  7  7 12 12 12 10 10 10 10 10 10 10 10  1  1  9  9  9  9  9  9  9  9  7
  7  7  7  7  9  5  5  5 10 10 10  5  5  5  5  5  5  5  5  5  7  7  7  7
  7  9  9  9  9  9 10 10 10 10 10 10 10 10 10 10 10 10 10  0 12  0  0  0
  0  0  6  6  6]",697.6758425235748,0.34635400115637516
